path,filename,folder,format,size_mb,duration_sec,samplerate,channels,peak,rms_db,spectral_centroid_hz,attack_ms,decay_sec,is_oneshot,crest_factor,low_energy_ratio,high_energy_ratio,bwf_description,bwf_originator,ixml_description
344 Audio - Air Designed/AEROJet_Blast Off Clean_344 Audio_Air Designed.wav,AEROJet_Blast Off Clean_344 Audio_Air Designed,344 Audio - Air Designed,wav,4.827,8.736,96000,2,0.4713,-23.65,712.8,7130.0,1.41,False,7.17,0.452,0.0092,"Airplane, Air, Wind, Noise, Jet, Airforce, Travel, Vehicles, Action, Sci-FI",344 Audio,
344 Audio - Air Designed/AEROJet_Unidentified Encounter_344 Audio_Air Designed.wav,AEROJet_Unidentified Encounter_344 Audio_Air Designed,344 Audio - Air Designed,wav,32.051,58.036,96000,2,0.5501,-20.12,375.7,7915.0,22.085,False,5.58,0.542,0.0027,"Airplane, Air, Wind, Noise, Jet, Airforce, Travel, Vehicles, Action, Sci-FI",344 Audio,
344 Audio - Anime Fight Voices Vol. 1/VOXMale_Boxer Level Up 1_344 Audio_Anime Fight Voices.wav,VOXMale_Boxer Level Up 1_344 Audio_Anime Fight Voices,344 Audio - Anime Fight Voices Vol. 1,wav,2.874,5.2,96000,2,0.5454,-20.6,1040.8,5030.0,0.17,False,5.84,0.0206,0.006,"Anime, Voice, VOX, Fight, Combat, Battle, Man, Announcer, Boxer, Adventurer. Epic, Attack, Defense, Game, Warrior, Opponent, Grunt, Yell, Level Up,",344 Audio,
"344 Audio - Anime Fight Voices Vol. 1/VOXMale_Male Adventurer, Active Yell 19_344 Audio_Anime Fight Voices.wav","VOXMale_Male Adventurer, Active Yell 19_344 Audio_Anime Fight Voices",344 Audio - Anime Fight Voices Vol. 1,wav,0.247,0.444,96000,2,0.4777,-22.09,1476.6,210.0,0.215,True,6.08,0.0403,0.0175,"Anime, Voice, VOX, Fight, Combat, Battle, Man, Announcer, Boxer, Adventurer. Epic, Attack, Defense, Game, Warrior, Opponent, Grunt, Yell, Level Up,",344 Audio,
"344 Audio - Anime Fight Voices Vol. 1/VOXMale_Warrior Opponent Attack, 'Ai yah' 2_344 Audio_Anime Fight Voices.wav","VOXMale_Warrior Opponent Attack, 'Ai yah' 2_344 Audio_Anime Fight Voices",344 Audio - Anime Fight Voices Vol. 1,wav,0.51,0.919,96000,2,0.9446,-17.87,1337.3,610.0,0.27,False,7.39,0.0668,0.0185,"Anime, Voice, VOX, Fight, Combat, Battle, Man, Announcer, Boxer, Adventurer. Epic, Attack, Defense, Game, Warrior, Opponent, Grunt, Yell, Level Up,",344 Audio,
"344 Audio - Anime Fight Voices Vol. 2/VOXFem_Anime, Adult Warrior Breaths 40_344 Audio_Anime Fight Voices Vol 2.wav","VOXFem_Anime, Adult Warrior Breaths 40_344 Audio_Anime Fight Voices Vol 2",344 Audio - Anime Fight Voices Vol. 2,wav,0.506,0.913,96000,2,0.1872,-35.88,1378.0,85.0,0.725,True,11.64,0.3852,0.0681,"Anime, Voice, VOX, Vocal, Fight, Combat, Battle, Woman, Girl, Schoolgirl. Warrior, Slayer, Fighter. Epic, Attack, Defense, Game, Opponent, Grunt, Yell, Gasp, Grunt, Combat",344 Audio,
"344 Audio - Anime Fight Voices Vol. 2/VOXFem_Anime, Schoolgirl Fight Exhale 15_344 Audio_Anime Fight Voices Vol 2.wav","VOXFem_Anime, Schoolgirl Fight Exhale 15_344 Audio_Anime Fight Voices Vol 2",344 Audio - Anime Fight Voices Vol. 2,wav,0.369,0.665,96000,2,0.4274,-23.6,1187.3,90.0,0.42,True,6.47,0.2678,0.0391,"Anime, Voice, VOX, Vocal, Fight, Combat, Battle, Woman, Girl, Schoolgirl. Warrior, Slayer, Fighter. Epic, Attack, Defense, Game, Opponent, Grunt, Yell, Gasp, Grunt, Combat",344 Audio,
"344 Audio - Anime Fight Voices Vol. 2/VOXFem_Anime, Warrior Elf Princess Aggressive Yell_344 Audio_Anime Fight Voices Vol 2_14.wav","VOXFem_Anime, Warrior Elf Princess Aggressive Yell_344 Audio_Anime Fight Voices Vol 2_14",344 Audio - Anime Fight Voices Vol. 2,wav,0.886,1.6,96000,2,0.7048,-17.89,3147.8,475.0,0.77,False,5.53,0.0039,0.1306,"Anime, Voice, VOX, Vocal, Fight, Combat, Battle, Woman, Girl, Schoolgirl. Warrior, Slayer, Fighter. Epic, Attack, Defense, Game, Opponent, Grunt, Yell, Gasp, Grunt, Combat",344 Audio,
344 Audio - Antique Books/PAPRMisc_Antique Books Flicking Through Pages 11_344 Audio_Antiques - Books.wav,PAPRMisc_Antique Books Flicking Through Pages 11_344 Audio_Antiques - Books,344 Audio - Antique Books,wav,1.039,1.878,96000,2,0.1352,-43.79,1479.9,345.0,1.43,True,20.92,0.617,0.093,"Antique, Book, Paper, Page, Pile, Library, Flicking, Turning Page, Pages, Literature, Magic, Spells, Sorcery, Hard Back",344 AudioPro Tools,
344 Audio - Antique Books/PAPRMisc_Antique Books Slow Page Turns 6_344 Audio_Antiques - Books.wav,PAPRMisc_Antique Books Slow Page Turns 6_344 Audio_Antiques - Books,344 Audio - Antique Books,wav,7.595,13.75,96000,2,0.0806,-50.32,3010.3,4880.0,8.835,False,26.44,0.4568,0.2517,"Antique, Book, Paper, Page, Pile, Library, Pages, Literature, Magic, Spells, Sorcery, Hard Back, Turning, Turning Page, Page, Slow",344 AudioPro Tools,
344 Audio - Antique Books/PAPRMisc_Pile Of Antique Books Falling Over 8_344 Audio_Antiques - Books.wav,PAPRMisc_Pile Of Antique Books Falling Over 8_344 Audio_Antiques - Books,344 Audio - Antique Books,wav,1.546,2.796,96000,2,0.6565,-29.94,1925.9,920.0,0.275,False,20.62,0.7619,0.0788,"Antique, Book, Paper, Page, Pile, Library, Pages, Literature, Magic, Spells, Sorcery, Hard Back, Falling Down, Dropping",344 AudioPro Tools,
344 Audio - Antique Clocks/CLOCKTick_Crooked Antique Clock_344 Audio_Antique Clocks.wav,CLOCKTick_Crooked Antique Clock_344 Audio_Antique Clocks,344 Audio - Antique Clocks,wav,33.135,60.0,96000,2,0.4282,-41.45,1910.7,4060.0,0.125,False,50.62,0.7251,0.1154,"Antiques, Clocks, Time, Metronome, Tinkering, Watch, Clanking, Ticking, Tick tock, Countdown",344 Audio,
344 Audio - Antique Clocks/CLOCKTick_You're Running Late _344 Audio_Antique Clocks.wav,CLOCKTick_You're Running Late _344 Audio_Antique Clocks,344 Audio - Antique Clocks,wav,33.135,60.0,96000,2,0.5899,-34.88,3400.7,765.0,0.1,False,32.72,0.6263,0.2461,"Antiques, Clocks, Time, Metronome, Tinkering, Watch, Clanking, Ticking, Tick tock, Countdown",344 Audio,
"344 Audio - Antique Luggage/OBJLug_Rumaging Through Suitcase, Antique Suitcase_344 Audio_Antiques - Luggage_02.wav","OBJLug_Rumaging Through Suitcase, Antique Suitcase_344 Audio_Antiques - Luggage_02",344 Audio - Antique Luggage,wav,4.828,8.738,96000,2,0.4573,-34.89,886.8,6670.0,1.87,False,25.38,0.5084,0.0481,"Luggage, Bag, Baggage, Suitcase, Travel, Trip, Vintage, Old, Antique",344 Audio,
"344 Audio - Antique Luggage/OBJLug_Suitcase Being Locked, Antique Suitcase 1_344 Audio_Antiques - Luggage.wav","OBJLug_Suitcase Being Locked, Antique Suitcase 1_344 Audio_Antiques - Luggage",344 Audio - Antique Luggage,wav,5.037,9.117,96000,2,0.4526,-36.0,760.5,2240.0,3.37,False,28.55,0.7789,0.0332,"Luggage, Bag, Baggage, Suitcase, Travel, Trip, Vintage, Old, Antique",344 Audio,
"344 Audio - Antique Luggage/OBJLug_Suitcase Opening and Closing, Antique Suitcase_344 Audio_Antiques - Luggage_01.wav","OBJLug_Suitcase Opening and Closing, Antique Suitcase_344 Audio_Antiques - Luggage_01",344 Audio - Antique Luggage,wav,4.536,8.21,96000,2,0.5103,-31.36,3125.3,6575.0,0.57,False,18.86,0.6837,0.1307,"Luggage, Bag, Baggage, Suitcase, Travel, Trip, Vintage, Old, Antique, Opening, Closing",344 Audio,
344 Audio - Antique Small Metals/METLMvmt_  Antique Measuring Tape_344 Audio_Antique Small Metals.wav,METLMvmt_  Antique Measuring Tape_344 Audio_Antique Small Metals,344 Audio - Antique Small Metals,wav,0.381,0.686,96000,2,0.0629,-54.24,2172.4,420.0,0.23,False,32.44,0.6053,0.2604,"Antiques, Metals, Historical, Mechanical, ToolsTinkering, Movement, Small, Handling, Foley, Metal, Steel, Iron, Brass, Rust, Rusty",344 Audio,
344 Audio - Antique Small Metals/METLMvmt_  Opening Lid Of Antique Blowtorch_344 Audio_Antique Small Metals.wav,METLMvmt_  Opening Lid Of Antique Blowtorch_344 Audio_Antique Small Metals,344 Audio - Antique Small Metals,wav,0.803,1.449,96000,2,0.4255,-37.04,1957.8,300.0,0.41,True,30.25,0.4025,0.1749,"Antiques, Metals, Historical, Mechanical, ToolsTinkering, Movement, Small, Handling, Foley, Metal, Steel, Iron, Brass, Rust, Rusty",344 Audio,
344 Audio - Antique Small Metals/METLMvmt_  Tinkering Antique Lock_344 Audio_Antique Small Metals.wav,METLMvmt_  Tinkering Antique Lock_344 Audio_Antique Small Metals,344 Audio - Antique Small Metals,wav,2.238,4.049,96000,2,0.3387,-42.87,1000.3,3310.0,0.51,False,47.12,0.4982,0.0554,"Antiques, Metals, Historical, Mechanical, ToolsTinkering, Movement, Small, Handling, Foley, Metal, Steel, Iron, Brass, Rust, Rusty",344 Audio,
344 Audio - Antique Telephone/COMTelph_Antique Telephone Ear Piece Falling Down_344 Audio_Antiques - Telephone_03.wav,COMTelph_Antique Telephone Ear Piece Falling Down_344 Audio_Antiques - Telephone_03,344 Audio - Antique Telephone,wav,0.695,1.255,96000,2,0.1567,-37.17,1661.6,450.0,0.715,False,11.32,0.7433,0.0738,"Telephone, Bell's Telephone, Phone, Phonecall, Analogue, Rotary, Rotary Phone, Rotary Telephone, Analogue Telephone, Analogue Phone, Dialling, Rotary Dials, Vintage, Old",344 Audio,
344 Audio - Antique Telephone/COMTelph_Antique Telephone Pick Up & Drop Ear Piece_344 Audio_Antiques - Telephone_05.wav,COMTelph_Antique Telephone Pick Up & Drop Ear Piece_344 Audio_Antiques - Telephone_05,344 Audio - Antique Telephone,wav,1.778,3.217,96000,2,0.5357,-37.63,3490.1,2495.0,0.705,False,40.79,0.5175,0.1585,"Telephone, Bell's Telephone, Phone, Phonecall, Analogue, Rotary, Rotary Phone, Rotary Telephone, Analogue Telephone, Analogue Phone, Dialling, Rotary Dials, Vintage, Old",344 Audio,
344 Audio - Antique Telephone/COMTelph_Antique Telephone Rotary Dial Number  9_344 Audio_Antiques - Telephone.wav,COMTelph_Antique Telephone Rotary Dial Number  9_344 Audio_Antiques - Telephone,344 Audio - Antique Telephone,wav,1.353,2.447,96000,2,0.1528,-35.05,2367.1,2005.0,0.43,False,8.64,0.0903,0.1521,"Telephone, Bell's Telephone, Phone, Phonecall, Analogue, Rotary, Rotary Phone, Rotary Telephone, Analogue Telephone, Analogue Phone, Dialling, Rotary Dials, Vintage, Old",344 Audio,
"344 Audio - Antique Typewriter/COMType_Typewriter Carriage Movement, Typewriter_344 Audio_Antiques - Typewriter_01.wav","COMType_Typewriter Carriage Movement, Typewriter_344 Audio_Antiques - Typewriter_01",344 Audio - Antique Typewriter,wav,2.316,4.189,96000,2,0.7071,-33.59,2445.7,2540.0,1.345,False,33.8,0.4776,0.2601,"Antique, Mechanical, Mechanical Keyboard, Mechanical Typewriter, Typewriter, Typing, Typist, Click, Switch, Keys, Keyboard, Old, Vintage, Computer, Antiquity, Relic, Victorian, Industrial, Typing Machine, Typer",344 Audio,
"344 Audio - Antique Typewriter/COMType_Typewriter Paper Movements, Typewriter 04_344 Audio_Antiques - Typewriter.wav","COMType_Typewriter Paper Movements, Typewriter 04_344 Audio_Antiques - Typewriter",344 Audio - Antique Typewriter,wav,1.958,3.541,96000,2,0.0546,-50.96,1839.3,1920.0,1.61,False,19.29,0.4661,0.1052,"Antique, Mechanical, Mechanical Keyboard, Mechanical Typewriter, Typewriter, Typing, Typist, Click, Switch, Keys, Keyboard, Old, Vintage, Computer, Antiquity, Relic, Victorian, Industrial, Typing Machine, Typer, Paper, Paper Movement, Parchment, Script",344 Audio,
"344 Audio - Antique Typewriter/COMType_Typewriter Space Key, Typewriter 05_344 Audio_Antiques - Typewriter.wav","COMType_Typewriter Space Key, Typewriter 05_344 Audio_Antiques - Typewriter",344 Audio - Antique Typewriter,wav,0.299,0.538,96000,2,0.6046,-33.16,1756.0,135.0,0.29,True,27.5,0.7063,0.1165,"Antique, Mechanical, Mechanical Keyboard, Mechanical Typewriter, Typewriter, Typing, Typist, Click, Switch, Keys, Keyboard, Old, Vintage, Computer, Antiquity, Relic, Victorian, Industrial, Typing Machine, Typer",344 Audio,
"344 Audio - Barbershop Vol. 1/OBJFurn_Barber Chair, Foot Pump 4_344 Audio_Barbershop Vol 1.wav","OBJFurn_Barber Chair, Foot Pump 4_344 Audio_Barbershop Vol 1",344 Audio - Barbershop Vol. 1,wav,4.044,7.32,96000,2,0.0667,-47.15,98.5,6605.0,0.61,False,15.21,0.9278,0.0011,"Barbershop, Barber, Hairdresser, Salon, Hair, Grooming, Chair, Leather, Cushion, Metal, Foot Rest, Sit, Stand, Pump, Foley, Movement",344 Audio,
"344 Audio - Barbershop Vol. 1/OBJMisc_Hair Dryer, On, Idle, Off 4_344 Audio_Barbershop Vol 1.wav","OBJMisc_Hair Dryer, On, Idle, Off 4_344 Audio_Barbershop Vol 1",344 Audio - Barbershop Vol. 1,wav,6.806,12.32,96000,2,0.0615,-38.46,1265.6,6015.0,6.29,False,5.15,0.0929,0.0393,"Barbershop, Barber, Hairdresser, Salon, Hair, Grooming, Hair Dryer, Blow Dry, Air, Hot, Switch, Button, On, Idle, Off, Movement",344 Audio,
"344 Audio - Barbershop Vol. 1/OBJMisc_Spray Bottle, Spray 1_344 Audio_Barbershop Vol 1.wav","OBJMisc_Spray Bottle, Spray 1_344 Audio_Barbershop Vol 1",344 Audio - Barbershop Vol. 1,wav,0.289,0.52,96000,2,0.0399,-45.67,5946.7,205.0,0.31,True,7.66,0.0181,0.3961,"Barbershop, Barber, Hairdresser, Salon, Hair, Grooming, Water, Spray, Bottle, Air, Plastic, Handling, Pick Up, Put Down",344 Audio,
"344 Audio - Barbershop Vol. 2/OBJMisc_Hair Brush, Plastic Bristles, Brushing Hair_344 Audio_Barbershop Vol 2.wav","OBJMisc_Hair Brush, Plastic Bristles, Brushing Hair_344 Audio_Barbershop Vol 2",344 Audio - Barbershop Vol. 2,wav,3.316,6.0,96000,2,0.0137,-67.0,6350.8,4305.0,1.695,False,30.77,0.1527,0.2513,"Barbershop, Barber, Hairdresser, Salon, Hair, Grooming,, Hair Brush, Fade Brush, Comb, Wood, Plastic, Bristles, Hard, Soft, Beard, Handling, Movement, Foley",344 Audio,
"344 Audio - Barbershop Vol. 2/OBJMisc_Hair Scissor, Snips 4_344 Audio_Barbershop Vol 2.wav","OBJMisc_Hair Scissor, Snips 4_344 Audio_Barbershop Vol 2",344 Audio - Barbershop Vol. 2,wav,2.852,5.16,96000,2,0.0999,-55.24,5951.7,1300.0,0.115,False,57.79,0.3069,0.335,"Barbershop, Barber, Hairdresser, Salon, Hair, Grooming,, Metal, Scissors, Snips, Cut, Pick Up, Put Down, Handling",344 Audio,
"344 Audio - Barbershop Vol. 2/OBJMisc_Wahl Sterling Trimmer, On, Idle, Off_344 Audio_Barbershop Vol 2.wav","OBJMisc_Wahl Sterling Trimmer, On, Idle, Off_344 Audio_Barbershop Vol 2",344 Audio - Barbershop Vol. 2,wav,24.676,44.681,96000,2,0.0432,-41.35,2858.8,16555.0,13.445,False,5.04,0.1297,0.2704,"Barbershop, Barber, Hairdresser, Salon, Hair, Grooming,, Razor, Shaver, Trimmer, Clipper, Groomer, Electric, Beard, Handling, Pick Up, Put Down, Switch, Button, On, Idle, Off",344 Audio,
344 Audio - Bass Drops & Downers Vol. 1/DSGNBass_Bass Drop & Downer Fast 16_344 Audio_Bass Drops & Downers.wav,DSGNBass_Bass Drop & Downer Fast 16_344 Audio_Bass Drops & Downers,344 Audio - Bass Drops & Downers Vol. 1,wav,2.374,2.125,192000,2,0.5593,-11.65,89.5,1335.0,0.76,False,2.14,0.9166,0.0002,"Bass, Sub, Subsonic, Low End, Drop, Trailer, Epic, Cineamatic, Rumble, Subwoofer, Downer, Stinger, Analogue, Synth, Movement, Low End",344 Audio,
344 Audio - Bass Drops & Downers Vol. 1/DSGNBass_Bass Drop & Downer Medium 04_344 Audio_Bass Drops & Downers.wav,DSGNBass_Bass Drop & Downer Medium 04_344 Audio_Bass Drops & Downers,344 Audio - Bass Drops & Downers Vol. 1,wav,5.011,4.487,192000,2,0.5861,-15.49,288.0,130.0,3.845,True,3.49,0.7177,0.0003,"Bass, Sub, Subsonic, Low End, Drop, Trailer, Epic, Cineamatic, Rumble, Subwoofer, Downer, Stinger, Analogue, Synth, Movement, Low End",344 Audio,
344 Audio - Bass Drops & Downers Vol. 1/DSGNBass_Bass Drop & Downer Slow 10_344 Audio_Bass Drops & Downers.wav,DSGNBass_Bass Drop & Downer Slow 10_344 Audio_Bass Drops & Downers,344 Audio - Bass Drops & Downers Vol. 1,wav,8.888,7.962,192000,2,0.8213,-11.54,332.4,1860.0,5.03,False,3.1,0.7135,0.0022,"Bass, Sub, Subsonic, Low End, Drop, Trailer, Epic, Cineamatic, Rumble, Subwoofer, Downer, Stinger, Analogue, Synth, Movement, Low End",344 Audio,
344 Audio - Bass Drops & Downers Vol. 2/DSGNBass_Bass Drop & Downer Fast 12_344 Audio_Bass Drops & Downers Vol 2.wav,DSGNBass_Bass Drop & Downer Fast 12_344 Audio_Bass Drops & Downers Vol 2,344 Audio - Bass Drops & Downers Vol. 2,wav,2.946,2.637,192000,2,0.8836,-20.9,350.6,10.0,2.595,True,9.8,0.9903,0.0076,"Bass, Sub, Subsonic, Low End, Drop, Trailer, Epic, Cinematic, Rumble, Subwoofer, Downer, Stinger, Analogue, Synth, Movement",344 Audio,
